CHROM	POS	REF	ALT	GENE	TYPE	mutation_id
chr19	8974766	C	A	MUC16	Missense_Mutation	MUC16_8974766_C>A
chr19	8963325	G	A	MUC16	Missense_Mutation	MUC16_8963325_G>A
chr19	8954250	G	A	MUC16	Missense_Mutation	MUC16_8954250_G>A
chr19	8871545	C	A	MUC16	Missense_Mutation	MUC16_8871545_C>A
chr19	8884959	C	T	MUC16	Missense_Mutation	MUC16_8884959_C>T
chr19	8886478	C	T	MUC16	Missense_Mutation	MUC16_8886478_C>T
chr19	8888871	G	A	MUC16	Missense_Mutation	MUC16_8888871_G>A
chr19	8889890	G	A	MUC16	Missense_Mutation	MUC16_8889890_G>A
chr19	8891485	G	A	MUC16	Missense_Mutation	MUC16_8891485_G>A
chr19	8904988	C	T	MUC16	Missense_Mutation	MUC16_8904988_C>T
chr19	8935479	G	T	MUC16	Missense_Mutation	MUC16_8935479_G>T
chr19	8935647	T	C	MUC16	Missense_Mutation	MUC16_8935647_T>C
chr19	8936429	A	C	MUC16	Missense_Mutation	MUC16_8936429_A>C
chr19	8937117	T	C	MUC16	Missense_Mutation	MUC16_8937117_T>C
chr19	8937603	G	T	MUC16	Missense_Mutation	MUC16_8937603_G>T
chr19	8946838	C	A	MUC16	Missense_Mutation	MUC16_8946838_C>A
chr19	8947807	T	C	MUC16	Missense_Mutation	MUC16_8947807_T>C
chr19	8949445	T	A	MUC16	Missense_Mutation	MUC16_8949445_T>A
chr19	8950453	T	C	MUC16	Missense_Mutation	MUC16_8950453_T>C
chr19	8951841	C	A	MUC16	Missense_Mutation	MUC16_8951841_C>A
chr19	8957146	T	C	MUC16	Missense_Mutation	MUC16_8957146_T>C
chr19	8960058	G	A	MUC16	Missense_Mutation	MUC16_8960058_G>A
chr19	8974786	G	A	MUC16	Missense_Mutation	MUC16_8974786_G>A
chr19	8974870	A	C	MUC16	Missense_Mutation	MUC16_8974870_A>C
chr19	8980023	C	A	MUC16	Missense_Mutation	MUC16_8980023_C>A
chr19	8915565	G	A	MUC16	Missense_Mutation	MUC16_8915565_G>A
chr19	8937291	A	G	MUC16	Missense_Mutation	MUC16_8937291_A>G
chr19	8959656	G	A	MUC16	Missense_Mutation	MUC16_8959656_G>A
chr19	8953630	G	A	MUC16	Missense_Mutation	MUC16_8953630_G>A
chr19	8952393	G	A	MUC16	Missense_Mutation	MUC16_8952393_G>A
chr19	8946464	C	A	MUC16	Missense_Mutation	MUC16_8946464_C>A
chr19	8948182	C	G	MUC16	Missense_Mutation	MUC16_8948182_C>G
